,precision,recall,f1-score,support
Best Seller,0.9696969696969697,1.0,0.9846153846153847,32.0
High Potential,0.8421052631578947,0.8888888888888888,0.8648648648648649,18.0
Needs Improvement,1.0,1.0,1.0,69.0
Normal,1.0,0.9743589743589743,0.9870129870129869,156.0
Premium / Niche Quality,0.9607843137254902,1.0,0.98,49.0
accuracy,0.9814814814814815,0.9814814814814815,0.9814814814814815,0.9814814814814815
macro avg,0.9545173093160709,0.9726495726495727,0.9632986472986473,324.0
weighted avg,0.9823044109249819,0.9814814814814815,0.9816953266953266,324.0
