Model,Accuracy,Precision,Recall,F1-score
Decision Tree Classifier,0.9851150202976996,0.985200181101887,0.9851150202976996,0.9848823838424237
Random Forest Classifier,0.990978800180424,0.991058567044943,0.990978800180424,0.9909913908350978
XGBoost Classifier,0.9900766801984664,0.990031830553313,0.9900766801984664,0.9900408197529313
